product,tenor,dbucket,hs_pct,cost_bp,volume,n
SPXW,1,1-3d,25,0.06457,385,43
SPXW,1,3-7d,6.897,0.09686,2817,7
SPXW,1,7-12d,3.226,0.09686,5132,3
SPXW,1,12-20d,3.35,0.1937,4792,4
SPXW,1,20-30d,1.898,0.1937,4595,4
SPXW,1,30-45d,1.317,0.2583,3794,4
SPXW,1,~ATM,0.9091,0.2583,7673,3
SPXW,2-3,1-3d,27.27,0.09686,34,122
SPXW,2-3,3-7d,6.64,0.1291,424,18
SPXW,2-3,7-12d,3.896,0.1614,379,11
SPXW,2-3,12-20d,2.479,0.1937,892,11
SPXW,2-3,20-30d,1.471,0.1937,548,11
SPXW,2-3,30-45d,0.969,0.2583,577,12
SPXW,2-3,~ATM,0.6714,0.2583,635.5,8
SPXW,4-5,1-3d,17.91,0.09686,101,48
SPXW,4-5,3-7d,5.039,0.1614,310,16
SPXW,4-5,7-12d,2.47,0.1937,449.5,14
SPXW,4-5,12-20d,1.754,0.1937,512,15
SPXW,4-5,20-30d,1.053,0.1937,245,13
SPXW,4-5,30-45d,0.7273,0.2583,334,17
SPXW,4-5,~ATM,0.4695,0.2583,390,11
SPXW,6-10,1-3d,21.74,0.1614,4,62
SPXW,6-10,3-7d,6.957,0.226,78,24
SPXW,6-10,7-12d,4.286,0.3229,28.5,30
SPXW,6-10,12-20d,2.532,0.3874,31.5,32
SPXW,6-10,20-30d,1.364,0.3874,40,29
SPXW,6-10,30-45d,0.8484,0.3874,50,50
SPXW,6-10,~ATM,0.6887,0.5166,37.5,36
SPXW,11-15,1-3d,15.47,0.1937,3,46
SPXW,11-15,3-7d,6.669,0.3229,18.5,30
SPXW,11-15,7-12d,3.947,0.3874,46,15
SPXW,11-15,12-20d,2.323,0.452,11.5,24
SPXW,11-15,20-30d,1.498,0.5166,11,27
SPXW,11-15,30-45d,0.9895,0.5811,22.5,38
SPXW,11-15,~ATM,0.7206,0.6457,17,31
SPXW,16-22,1-3d,13.64,0.226,5,33
SPXW,16-22,3-7d,7.513,0.4197,5,28
SPXW,16-22,7-12d,3.684,0.452,9,18
SPXW,16-22,12-20d,2.265,0.5811,23.5,22
SPXW,16-22,20-30d,1.405,0.6134,15.5,24
SPXW,16-22,30-45d,0.9023,0.7103,14,43
SPXW,16-22,~ATM,0.6175,0.7749,11.5,38
SPXW,23-32,1-3d,13.21,0.226,4,57
SPXW,23-32,3-7d,6.3,0.452,10,28
SPXW,23-32,7-12d,3.527,0.5166,13.5,26
SPXW,23-32,12-20d,2.286,0.5811,7,35
SPXW,23-32,20-30d,1.389,0.6457,15,33
SPXW,23-32,30-45d,0.8533,0.7749,8,44
SPXW,23-32,~ATM,0.5566,0.8394,19,29
XSP,1,1-3d,60,0.1937,11,16
XSP,1,3-7d,23.33,0.3874,131,4
XSP,1,7-12d,12.5,0.3874,643,1
XSP,1,12-20d,9.317,0.452,1073,2
XSP,1,20-30d,5.463,0.5166,905.5,2
XSP,1,30-45d,4.338,0.7426,973.5,2
XSP,1,~ATM,4.926,1.388,1038,2
XSP,2-3,1-3d,42.86,0.1937,3,44
XSP,2-3,3-7d,36.84,0.7103,55,9
XSP,2-3,7-12d,18.99,0.7103,11.5,4
XSP,2-3,12-20d,9.746,0.8717,70,6
XSP,2-3,20-30d,6.383,0.904,72,5
XSP,2-3,30-45d,2.73,0.8394,108,7
XSP,2-3,~ATM,3.337,1.421,330.5,4
XSP,4-5,1-3d,33.33,0.1937,2,42
XSP,4-5,3-7d,25.54,0.7749,10.5,10
XSP,4-5,7-12d,17.65,0.9686,35,7
XSP,4-5,12-20d,8.911,1.098,52,7
XSP,4-5,20-30d,6.542,1.291,66,7
XSP,4-5,30-45d,2.719,1.033,189.5,8
XSP,4-5,~ATM,2.599,1.485,41.5,6
XSP,6-10,1-3d,28.57,0.3229,4,42
XSP,6-10,3-7d,18.18,0.7749,2.5,21
XSP,6-10,7-12d,12.04,0.904,5,18
XSP,6-10,12-20d,6.977,1.098,5,17
XSP,6-10,20-30d,4.521,1.227,7.5,20
XSP,6-10,30-45d,2.674,1.291,10,27
XSP,6-10,~ATM,2.819,1.937,13,17
XSP,11-15,1-3d,61.9,0.8394,5,18
XSP,11-15,3-7d,30.43,1.421,4.5,10
XSP,11-15,7-12d,20,1.937,1,13
XSP,11-15,12-20d,12.79,2.518,5.5,14
XSP,11-15,20-30d,8.627,2.841,4.5,19
XSP,11-15,30-45d,4.924,3.196,9.5,22
XSP,11-15,~ATM,3.394,3.358,9,16
XSP,16-22,1-3d,65.52,1.227,1,13
XSP,16-22,3-7d,31.88,1.776,4,16
XSP,16-22,7-12d,19.36,2.421,6.5,8
XSP,16-22,12-20d,11.71,2.615,4.5,12
XSP,16-22,20-30d,7.578,3.067,7,12
XSP,16-22,30-45d,4.58,3.681,3,15
XSP,16-22,~ATM,3.076,3.616,3,12
XSP,23-32,1-3d,62.46,1.291,1,14
XSP,23-32,3-7d,30.61,1.937,1.5,17
XSP,23-32,7-12d,17.22,2.454,3.5,12
XSP,23-32,12-20d,12.15,3.164,2,14
XSP,23-32,20-30d,7.407,3.487,8.5,14
XSP,23-32,30-45d,4.701,4.003,12,17
XSP,23-32,~ATM,4.516,8.039,2,20
